{
    "jwtPrivateKey": "123456",
    "port": 3006,
    "db": "mongodb+srv://jofwitsolution:15513340jf@cluster1.f0mao.mongodb.net/didomi?retryWrites=true&w=majority",
    "user": "jofwitsolution@gmail.com",
    "pass": "alagbaraloluwa1%",
    "clientId": "234614549936-8clvvbmkvjraojop71pet9bgpb1uotoj.apps.googleusercontent.com",
    "clientSecret": "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",
    "refreshToken": "1//04W3mm8mGGjrICgYIARAAGAQSNwF-L9IrFRgOVNvVttUKNz1U7eY-NtRXlxRfPRxjXwJjz7TO5Vov6jxptbZJwoWGKFMSpmRrCyo"
}